{"cameraMode":{"drawMode":0,"name":"Shaded","section":"Shading Mode"},"sceneLighting":true,"audioPlay":false,"sceneViewState":{"showFog":true,"showMaterialUpdate":false,"showSkybox":true,"showFlares":true,"showImageEffects":true,"showParticleSystems":true},"in2DMode":false,"pivot":{"x":-40.508689880371097,"y":49.24958801269531,"z":-51.39877700805664},"rotation":{"x":1.2574319840572001e-12,"y":0.9999898076057434,"z":-1.6041729056226473e-10,"w":0.004499984439462423},"size":22.0,"orthographic":true}